Profile;Social network;Number of Reactions, Comments & Shares;Profile-ID;Link;
"Tenente Bahia | Candidato a Vereador por São Paulo";INSTAGRAM;126837.0;7268201457;https://www.fanpagekarma.com/discovery?view=PROFILES&id=7268201457&n=INSTAGRAM&tl0=profiles;
"Sargento Nantes ROTA";INSTAGRAM;115003.0;12257268044;https://www.fanpagekarma.com/discovery?view=PROFILES&id=12257268044&n=INSTAGRAM&tl0=profiles;
"Deycon Silva";FACEBOOK;86947.0;1756388021279155;https://www.fanpagekarma.com/discovery?view=PROFILES&id=1756388021279155&n=FACEBOOK&tl0=profiles;
"Antônia de Jesus";INSTAGRAM;65635.0;67809184699;https://www.fanpagekarma.com/discovery?view=PROFILES&id=67809184699&n=INSTAGRAM&tl0=profiles;
"Deycon Silva";INSTAGRAM;48217.0;7206315339;https://www.fanpagekarma.com/discovery?view=PROFILES&id=7206315339&n=INSTAGRAM&tl0=profiles;
"Sargento Cavalcanti";INSTAGRAM;38772.0;29228319557;https://www.fanpagekarma.com/discovery?view=PROFILES&id=29228319557&n=INSTAGRAM&tl0=profiles;
"Marcio Kenji Ito";INSTAGRAM;37196.0;27465191;https://www.fanpagekarma.com/discovery?view=PROFILES&id=27465191&n=INSTAGRAM&tl0=profiles;
"ritaguedes7068";TIKTOK;10372.0;7101665853158638597;https://www.fanpagekarma.com/discovery?view=PROFILES&id=7101665853158638597&n=TIKTOK&tl0=profiles;
"Bioto NPN";INSTAGRAM;9772.0;10920372064;https://www.fanpagekarma.com/discovery?view=PROFILES&id=10920372064&n=INSTAGRAM&tl0=profiles;
"Sargento Nantes";TIKTOK;7511.0;6999446196793082885;https://www.fanpagekarma.com/discovery?view=PROFILES&id=6999446196793082885&n=TIKTOK&tl0=profiles;
"Delegado Roberto Monteiro";INSTAGRAM;6043.0;9049036023;https://www.fanpagekarma.com/discovery?view=PROFILES&id=9049036023&n=INSTAGRAM&tl0=profiles;
"Capitão Alisson";INSTAGRAM;3795.0;7508394976;https://www.fanpagekarma.com/discovery?view=PROFILES&id=7508394976&n=INSTAGRAM&tl0=profiles;
"Luiz Carlos de Paula";INSTAGRAM;3674.0;284528802;https://www.fanpagekarma.com/discovery?view=PROFILES&id=284528802&n=INSTAGRAM&tl0=profiles;
"Abou Anni";INSTAGRAM;3079.0;3534709517;https://www.fanpagekarma.com/discovery?view=PROFILES&id=3534709517&n=INSTAGRAM&tl0=profiles;
"General Peternelli";INSTAGRAM;2088.0;1343247484;https://www.fanpagekarma.com/discovery?view=PROFILES&id=1343247484&n=INSTAGRAM&tl0=profiles;
"Marcio kenji";TIKTOK;1262.0;6839164095440225285;https://www.fanpagekarma.com/discovery?view=PROFILES&id=6839164095440225285&n=TIKTOK&tl0=profiles;
"Operação Lótus ";YOUTUBE;1024.0;UCKyb8x0gMh3q7bRK-lyDKiA;https://www.fanpagekarma.com/discovery?view=PROFILES&id=UCKyb8x0gMh3q7bRK-lyDKiA&n=YOUTUBE&tl0=profiles;
"Osvaldo Machado";FACEBOOK;992.0;544772372684081;https://www.fanpagekarma.com/discovery?view=PROFILES&id=544772372684081&n=FACEBOOK&tl0=profiles;
"operacaolotus";TIKTOK;848.0;7153319494650430470;https://www.fanpagekarma.com/discovery?view=PROFILES&id=7153319494650430470&n=TIKTOK&tl0=profiles;
"Osvaldo Machado";INSTAGRAM;764.0;10180308944;https://www.fanpagekarma.com/discovery?view=PROFILES&id=10180308944&n=INSTAGRAM&tl0=profiles;
"Kenji Equipe Delegado Palumbo";FACEBOOK;500.0;231010756770176;https://www.fanpagekarma.com/discovery?view=PROFILES&id=231010756770176&n=FACEBOOK&tl0=profiles;
"SargentoGalesco";TIKTOK;349.0;6932163372444451846;https://www.fanpagekarma.com/discovery?view=PROFILES&id=6932163372444451846&n=TIKTOK&tl0=profiles;
"Juan Soto";INSTAGRAM;331.0;724853848;https://www.fanpagekarma.com/discovery?view=PROFILES&id=724853848&n=INSTAGRAM&tl0=profiles;
"Fatima Lucena";INSTAGRAM;233.0;44517998;https://www.fanpagekarma.com/discovery?view=PROFILES&id=44517998&n=INSTAGRAM&tl0=profiles;
"Tenente Bahia";TIKTOK;227.0;7104300235917657094;https://www.fanpagekarma.com/discovery?view=PROFILES&id=7104300235917657094&n=TIKTOK&tl0=profiles;
"Sargento Paulo do Proerd";TIKTOK;208.0;6650544491398758406;https://www.fanpagekarma.com/discovery?view=PROFILES&id=6650544491398758406&n=TIKTOK&tl0=profiles;
"Capitão Alisson";FACEBOOK;189.0;1261575317324000;https://www.fanpagekarma.com/discovery?view=PROFILES&id=1261575317324000&n=FACEBOOK&tl0=profiles;
"Delegado Roberto Monteiro";TIKTOK;183.0;7252494459571700742;https://www.fanpagekarma.com/discovery?view=PROFILES&id=7252494459571700742&n=TIKTOK&tl0=profiles;
"Sargento Paulo do Proerd";FACEBOOK;154.0;740398882692037;https://www.fanpagekarma.com/discovery?view=PROFILES&id=740398882692037&n=FACEBOOK&tl0=profiles;
"Leões andam com Leões ";YOUTUBE;143.0;UCFmff5mlDSDwEncABDHEUFQ;https://www.fanpagekarma.com/discovery?view=PROFILES&id=UCFmff5mlDSDwEncABDHEUFQ&n=YOUTUBE&tl0=profiles;
"Rita Guedes";INSTAGRAM;126.0;8613863555;https://www.fanpagekarma.com/discovery?view=PROFILES&id=8613863555&n=INSTAGRAM&tl0=profiles;
"generalpeternelli";TIKTOK;36.0;7016354931793478662;https://www.fanpagekarma.com/discovery?view=PROFILES&id=7016354931793478662&n=TIKTOK&tl0=profiles;
"Antônia de Jesus";TIKTOK;24.0;7399415877127242758;https://www.fanpagekarma.com/discovery?view=PROFILES&id=7399415877127242758&n=TIKTOK&tl0=profiles;
"Sargento Sandreli";FACEBOOK;21.0;113212190230951;https://www.fanpagekarma.com/discovery?view=PROFILES&id=113212190230951&n=FACEBOOK&tl0=profiles;
"General Peternelli";YOUTUBE;7.0;UC_Tb0S_vKiHV_wl9wpJkBPg;https://www.fanpagekarma.com/discovery?view=PROFILES&id=UC_Tb0S_vKiHV_wl9wpJkBPg&n=YOUTUBE&tl0=profiles;
"Capitão Alisson";YOUTUBE;6.0;UCjV05A48wafWVDpghK4u2cw;https://www.fanpagekarma.com/discovery?view=PROFILES&id=UCjV05A48wafWVDpghK4u2cw&n=YOUTUBE&tl0=profiles;
"Delegado Roberto Monteiro";YOUTUBE;0.0;UCjXKpS2Y5zpBSX26TaRzUbA;https://www.fanpagekarma.com/discovery?view=PROFILES&id=UCjXKpS2Y5zpBSX26TaRzUbA&n=YOUTUBE&tl0=profiles;
"Sargento Galesco";TWITTER;0.0;1281768561292333059;https://www.fanpagekarma.com/discovery?view=PROFILES&id=1281768561292333059&n=TWITTER&tl0=profiles;
"Sargento Galesco";FACEBOOK;0.0;235969629943096;https://www.fanpagekarma.com/discovery?view=PROFILES&id=235969629943096&n=FACEBOOK&tl0=profiles;
"Rita Guedes";TWITTER;0.0;1553464451235549184;https://www.fanpagekarma.com/discovery?view=PROFILES&id=1553464451235549184&n=TWITTER&tl0=profiles;
"Bioto NPN";TWITTER;0.0;1593929254823157763;https://www.fanpagekarma.com/discovery?view=PROFILES&id=1593929254823157763&n=TWITTER&tl0=profiles;
"Amigos do capitão";FACEBOOK;0.0;1914979155431211;https://www.fanpagekarma.com/discovery?view=PROFILES&id=1914979155431211&n=FACEBOOK&tl0=profiles;
"Osvaldo Machado";TWITTER;0.0;1531350975780364291;https://www.fanpagekarma.com/discovery?view=PROFILES&id=1531350975780364291&n=TWITTER&tl0=profiles;
"marcio kenji ";YOUTUBE;0.0;UC6ROXCZrWXi2w0MBeeIyzkQ;https://www.fanpagekarma.com/discovery?view=PROFILES&id=UC6ROXCZrWXi2w0MBeeIyzkQ&n=YOUTUBE&tl0=profiles;
"Tenente Coronel Rodrigo Bispo";INSTAGRAM;0.0;46582419083;https://www.fanpagekarma.com/discovery?view=PROFILES&id=46582419083&n=INSTAGRAM&tl0=profiles;
"Roberto Monteiro";FACEBOOK;0.0;1635650163353182;https://www.fanpagekarma.com/discovery?view=PROFILES&id=1635650163353182&n=FACEBOOK&tl0=profiles;
"Tenente Bahia";FACEBOOK;0.0;112211857013556;https://www.fanpagekarma.com/discovery?view=PROFILES&id=112211857013556&n=FACEBOOK&tl0=profiles;
"SargentoNantes";TWITTER;0.0;3349391572;https://www.fanpagekarma.com/discovery?view=PROFILES&id=3349391572&n=TWITTER&tl0=profiles;
"policialmachado";TIKTOK;0.0;7132858857336030213;https://www.fanpagekarma.com/discovery?view=PROFILES&id=7132858857336030213&n=TIKTOK&tl0=profiles;
"Tenente Bahia • Paternidade Ativa";YOUTUBE;0.0;UCGjV9KpU-XbuXwv_hoAuqkA;https://www.fanpagekarma.com/discovery?view=PROFILES&id=UCGjV9KpU-XbuXwv_hoAuqkA&n=YOUTUBE&tl0=profiles;
"Alisson Souza";TWITTER;0.0;1486670434309492740;https://www.fanpagekarma.com/discovery?view=PROFILES&id=1486670434309492740&n=TWITTER&tl0=profiles;
"Sargento Nantes ROTA";FACEBOOK;0.0;382858871905792;https://www.fanpagekarma.com/discovery?view=PROFILES&id=382858871905792&n=FACEBOOK&tl0=profiles;
